{"cameraMode":{"drawMode":0,"name":"Shaded","section":"Shading Mode"},"sceneLighting":true,"audioPlay":false,"sceneViewState":{"m_AlwaysRefresh":true,"showFog":true,"showSkybox":false,"showFlares":true,"showImageEffects":true,"showParticleSystems":true,"showVisualEffectGraphs":true,"m_FxEnabled":true},"in2DMode":false,"pivot":{"x":13.818486213684082,"y":5.4211883544921879,"z":26.826541900634767},"rotation":{"x":-0.13335855305194856,"y":-0.027649693191051484,"z":0.003722176421433687,"w":-0.99067622423172},"size":45.9349365234375,"orthographic":false}